{
    "poses": {
        "mean": [
            -1.250720345069567e-07,
            1.5634004313369587e-08,
            -3.1268008626739174e-08,
            3.1268010047824646e-07,
            1.4383284678842756e-06,
            -6.253601725347835e-08,
            -1.8760806597128976e-07,
            -3.1268008626739174e-08,
            9.380403298564488e-08,
            1.7197405099977914e-07,
            -2.618695873479737e-07,
            -5.784581844636705e-07,
            3.595821169710689e-07,
            3.517651236961683e-07,
            -1.4070604947846732e-07,
            -1.250720345069567e-07,
            9.380403298564488e-08,
            6.253601725347835e-08,
            -9.067722999134276e-07,
            -6.878962039991166e-07,
            -6.253601725347835e-08,
            -6.253601725347835e-08,
            -1.5634005023912323e-07,
            6.253601725347835e-08,
            3.1268008626739174e-08,
            1.7197405099977914e-07,
            6.253601725347835e-08,
            6.253602009564929e-07,
            2.501440690139134e-07,
            -5.4719016873150395e-08,
            -7.035302473923366e-08,
            -1.0943803374630079e-07,
            -1.5634004313369587e-08,
            1.32889041992712e-07,
            -3.517651236961683e-08,
            -4.690201649282244e-08,
            3.361311087246577e-07,
            6.878962039991166e-07,
            -9.380403298564488e-08,
            -5.667326874458922e-08,
            -3.1268008626739174e-08,
            3.1268008626739174e-08,
            3.1268008626739174e-08,
            -4.846541514780256e-07,
            -2.227845783409066e-07,
            -2.65778083985424e-07,
            1.32889041992712e-07,
            5.4719016873150395e-08,
            5.940921710134717e-07,
            0.0,
            1.211635378695064e-07,
            1.5634004313369587e-08,
            -8.207852602026833e-07,
            -1.5634004313369587e-08,
            -9.380403298564488e-08,
            1.172550412320561e-07,
            1.8760806597128976e-07,
            -6.253601725347835e-08,
            2.345100824641122e-08,
            -1.5634004313369587e-08,
            -1.5634004313369587e-08,
            -1.8760806597128976e-07,
            -4.690201649282244e-08,
            -1.5634004313369587e-08,
            1.153007858079036e-07,
            -8.598702549988957e-08
        ],
        "std": [
            0.9999998211860657,
            0.9999998807907104,
            0.9999996423721313,
            0.9999989867210388,
            0.9999975562095642,
            0.999999463558197,
            0.999998152256012,
            0.9999990463256836,
            0.9999995827674866,
            0.9999992847442627,
            0.9999994039535522,
            0.9999986290931702,
            0.9999996423721313,
            0.9999994039535522,
            0.9999996423721313,
            0.9999996423721313,
            0.9999999403953552,
            0.9999998807907104,
            0.9999990463256836,
            0.9999990463256836,
            0.999999463558197,
            0.9999997615814209,
            0.9999997615814209,
            0.9999997019767761,
            0.9999997019767761,
            0.9999997019767761,
            0.9999998211860657,
            0.9999982118606567,
            0.9999975562095642,
            0.9999973773956299,
            0.9999997019767761,
            0.9999998211860657,
            0.9999998807907104,
            0.9999996423721313,
            0.9999998807907104,
            0.9999997615814209,
            0.999999463558197,
            0.9999993443489075,
            0.9999992251396179,
            0.9999986886978149,
            0.9999987483024597,
            0.999999463558197,
            0.9999986886978149,
            0.9999983906745911,
            0.9999991655349731,
            0.9999992847442627,
            0.9999995827674866,
            0.9999996423721313,
            0.9999978542327881,
            0.9999996423721313,
            0.9999996423721313,
            0.9999996423721313,
            0.9999979734420776,
            0.9999996423721313,
            0.9999998807907104,
            0.9999999403953552,
            0.9999997615814209,
            0.9999999403953552,
            0.9999998807907104,
            0.9999998807907104,
            0.9999996423721313,
            0.9999999403953552,
            0.9999997615814209,
            0.9999999403953552,
            0.9999998807907104,
            0.9999998807907104
        ]
    },
    "translation": {
        "mean": [
            3.02908844673766e-08,
            -1.172550412320561e-07,
            -3.40039605362108e-07
        ],
        "std": [
            0.9999998211860657,
            0.9999999403953552,
            0.9999996423721313
        ]
    },
    "forward_direction": {
        "mean": [
            0.007856224663555622,
            0.0,
            -0.14218184351921082
        ],
        "std": [
            0.0590871199965477,
            0.0,
            0.021820347756147385
        ]
    },
    "global_velocity": {
        "mean": [
            1.279016359490015e-08,
            0.0,
            3.973643103449831e-08
        ],
        "std": [
            1.0,
            1.0,
            1.0
        ]
    },
    "rotational_velocity": {
        "mean": [
            -4.371007378267677e-08
        ],
        "std": [
            0.9999997615814209
        ]
    }
}